image_key,building_id,detection_status,window_count,door_count,ambiguous_count,planned_requests
4906970,4906970,success,7,6,0,1
4906972_front_01,4906972,success,2,0,1,1
4906972_front_02,4906972,success,23,0,0,1
4906972_front_03,4906972,success,3,1,0,1
4906981,4906981,success,58,6,0,8
4907506,4907506,success,41,2,0,1
4907507,4907507,success,35,1,0,1
4907514,4907514,success,21,1,0,1
4907518_front,4907518,success,15,0,1,1
4907518_left,4907518,success,19,2,0,1
4907518_right,4907518,success,17,1,0,2
4907520_front,4907520,success,20,2,0,1
4907520_right,4907520,success,21,2,0,1
4959322,4959322,success,20,1,0,1
4959323_front,4959323,success,65,0,0,3
4959323_left,4959323,success,14,1,0,2
4959323_right,4959323,success,16,1,0,1
