photo,expected_building_for_evaluation_only,retrieval_building_rank,status,building_id,building_correct_if_selected,mapped_count,rejected_count,reason
4906970.png,4906970,1,needs_review,,,0,,no_candidate_passed_geometry
4906972_front_01.png,4906972,6,needs_review,,,0,,no_candidate_passed_geometry
4906972_front_02.png,4906972,5,needs_review,,,0,,no_candidate_passed_geometry
4906972_front_03.png,4906972,7,needs_review,,,0,,no_candidate_passed_geometry
4906981.jpg,4906981,2,needs_review,,,0,,no_candidate_passed_geometry
4907506.jpg,4907506,1,needs_review,,,0,,no_candidate_passed_geometry
4907507.png,4907507,5,mapped,4907507,True,35,1,automatic_checks_passed
4907514.png,4907514,1,needs_review,,,0,,no_candidate_passed_geometry
4907518_front.png,4907518,1,mapped,4907518,True,16,0,automatic_checks_passed
4907518_left.png,4907518,1,needs_review,,,0,,insufficient_cross_view_confirmation
4907518_right.png,4907518,1,needs_review,,,0,,no_candidate_passed_geometry
4907520_front.png,4907520,1,mapped,4907520,True,16,6,automatic_checks_passed
4907520_right.png,4907520,1,needs_review,,,0,,no_candidate_passed_geometry
4959322.jpg,4959322,2,needs_review,,,0,,no_candidate_passed_geometry
4959323_front.jpg,4959323,1,needs_review,,,0,,no_candidate_passed_geometry
4959323_left.png,4959323,2,needs_review,,,0,,no_candidate_passed_geometry
4959323_right.png,4959323,1,needs_review,,,0,,no_candidate_passed_geometry
